career_domain,keywords,demand_score,growth_rate,risk_level,required_skills,future_score,avg_salary_inr,automation_risk,job_openings_k,market_size_2024_b,projected_market_2030_b,summary
AI/ML Engineer,"ai,ml,machine learning,artificial intelligence,deep learning,neural networks,llm,gen ai",96,35,Low,"Python;TensorFlow;PyTorch;Deep Learning;NLP;Computer Vision",96,2000000,12,85,150,400,"India's fastest-growing tech role; IITs and top MNCs are aggressively hiring AI/ML engineers with salaries rivalling global standards."
Data Scientist,"data science,data scientist,analytics,statistics,predictive modeling",93,30,Low,"Python;R;SQL;Machine Learning;Statistics;Tableau",93,1600000,18,80,120,300,"Strong demand across BFSI, e-commerce, and healthcare sectors in India for data-driven decision making."
Cybersecurity Analyst,"cybersecurity,security,ethical hacking,penetration testing,infosec",95,38,Low,"Network Security;SIEM;Python;Ethical Hacking;Cloud Security",94,1400000,10,90,100,250,"One of the most critical fields in India due to rising cyber attacks on banks, government, and startups."
Cloud Engineer,"cloud,aws,azure,gcp,cloud computing",93,32,Low,"AWS;Azure;Docker;Kubernetes;Terraform;CI/CD",93,1600000,9,95,180,500,"Massive demand across Indian IT services and product companies as cloud adoption accelerates."
Data Engineer,"data engineering,etl,data pipeline,spark,kafka",89,28,Low,"Python;Spark;Kafka;Airflow;SQL;Big Data",90,1500000,15,70,110,280,"Critical backbone role for India's growing analytics ecosystem and AI product companies."
Software Engineer,"software developer,programming,backend,frontend,coding",93,24,Low,"Java;Python;C++;System Design;DSA;APIs",90,1200000,20,350,200,350,"Evergreen career with the highest job volume in India; core skill for IT services giants like TCS, Infosys, Wipro."
Full Stack Developer,"full stack,mern,web developer,react,node",91,24,Low,"React;Node.js;MongoDB;JavaScript;APIs",88,1100000,22,280,90,220,"High demand in Indian startups and product companies; versatile skill covering both frontend and backend."
DevOps Engineer,"devops,sre,ci cd,infrastructure,automation",88,27,Low,"Docker;Kubernetes;Jenkins;Terraform;Linux",88,1400000,12,75,85,210,"Essential for India's booming SaaS and cloud-native product companies."
NLP Engineer,"nlp,llm,chatbot,text processing,language model",89,40,Low,"Python;Transformers;HuggingFace;NLP;Deep Learning",92,1800000,14,55,60,190,"Booming in India with Bhashini, multilingual AI, and GenAI startups in the Indian language space."
Computer Vision Engineer,"computer vision,image processing,opencv,deep learning",87,38,Low,"Python;OpenCV;PyTorch;CNNs;Image Processing",91,1800000,13,50,70,200,"Key role in India's smart surveillance, agri-tech, and industrial automation sectors."
Robotics Engineer,"robotics,automation,ros,mechatronics",76,30,Low,"ROS;Python;C++;Control Systems;Embedded Systems",82,1200000,18,35,50,140,"Growing with India's push for manufacturing automation under Make in India initiatives."
Product Manager,"product manager,pm,product owner,agile",86,20,Low,"Agile;Roadmapping;Strategy;UX;Data Analysis",84,2200000,8,55,90,160,"High-paying leadership role in India's fast-growing product-first startups and unicorns."
Data Analyst,"data analyst,bi analyst,excel,power bi",86,22,Low,"SQL;Excel;Power BI;Tableau;Python",84,700000,25,180,85,150,"High-volume entry-level data role widely available across all industries in India."
UI/UX Designer,"ui ux,design,figma,user experience",81,18,Low,"Figma;UX Research;Wireframing;Prototyping",79,800000,20,75,60,130,"Growing creative-tech role in India's booming app and startup ecosystem."
Blockchain Developer,"blockchain,web3,crypto,smart contracts",66,22,High,"Solidity;Ethereum;Web3;Cryptography",70,1500000,30,35,40,120,"High-risk high-reward domain in India; volatile demand tied to crypto regulations and Web3 startups."
AR/VR Developer,"ar,vr,xr,metaverse,spatial computing",71,44,Medium,"Unity;Unreal;C#;3D Modeling",78,1200000,22,25,30,110,"Emerging in India's edtech, retail, and defence simulation sectors with strong future potential."
Quantum Computing,"quantum computing,qiskit,quantum algorithms",46,68,Medium,"Linear Algebra;Quantum Physics;Python",75,2200000,5,10,10,80,"India's National Quantum Mission is creating long-term opportunities in this cutting-edge field."
Mobile Developer,"android,ios,flutter,app developer",84,20,Low,"Swift;Kotlin;Flutter;React Native",82,1000000,25,150,95,180,"Stable and consistent career; India's massive mobile-first internet user base drives steady demand."
Game Developer,"game dev,unity,unreal,game design",73,14,Medium,"Unity;C#;Unreal;Game Physics",70,800000,28,40,50,120,"India's gaming industry is growing rapidly; creative field with competitive market and global export opportunities."
Embedded Systems Engineer,"embedded,iot,firmware,arduino",73,16,Low,"C;C++;RTOS;Microcontrollers",72,900000,18,55,45,100,"Important for India's growing IoT, semiconductor (chips), and consumer electronics manufacturing sectors."
Digital Marketing Specialist,"digital marketing,seo,ads,social media",82,17,Medium,"SEO;Google Ads;Analytics;Content Marketing",74,600000,35,200,100,170,"High demand across India's 800M+ internet user market; essential for every e-commerce and D2C brand."
Healthcare IT Specialist,"healthcare it,ehr,health tech",79,22,Low,"EHR;Python;Data Security;SQL",80,900000,15,60,120,200,"Growing rapidly with India's digital health mission, Ayushman Bharat, and health-tech startups."
FinTech Analyst,"fintech,finance,quant,algorithmic trading",81,25,Medium,"Python;Finance;SQL;Risk Analysis",80,1400000,20,70,150,250,"India's UPI-led fintech revolution and RBI sandbox are creating strong demand for fintech professionals."
Business Analyst,"business analyst,ba,process analyst",79,13,Low,"SQL;Excel;Agile;Stakeholder Management",74,900000,18,120,95,150,"Key role in India's IT services sector for bridging client requirements and technical delivery."
Network Engineer,"network engineer,cisco,ccna,networking",71,9,Medium,"TCP/IP;Cisco;Cloud Networking",65,700000,25,85,60,100,"Traditional IT role with steady demand; evolving with SD-WAN and cloud networking in India."
Database Administrator,"dba,sql,oracle,mysql",69,6,Medium,"SQL;Database Management;Backup;Performance Tuning",62,800000,30,70,55,90,"Stable demand in India's large IT services sector; role is slowly evolving with managed cloud databases."
Mechanical Engineer,"mechanical engineer,cad,manufacturing",67,8,Medium,"AutoCAD;SolidWorks;Thermodynamics",60,600000,35,120,120,180,"Core engineering field; strong opportunities in India's growing auto, aerospace, and manufacturing sectors."
Civil Engineer,"civil engineer,construction,structural",67,9,Low,"AutoCAD;Revit;Structural Analysis",63,550000,28,150,200,300,"Booming demand in India due to major infrastructure projects — highways, metro rail, smart cities, and housing."
Electrical Engineer,"electrical engineer,power systems,vlsi",71,11,Low,"Circuit Design;MATLAB;VLSI",67,700000,22,100,110,170,"Strong demand in India's power sector, semiconductor industry, and EV ecosystem."
Chemical Engineer,"chemical engineer,process engineering",63,6,Medium,"Process Simulation;Safety;MATLAB",60,650000,30,60,140,200,"Steady demand in India's pharma, petrochemical, and specialty chemical industries."
Biomedical Engineer,"biomedical engineer,medical devices",73,18,Low,"MATLAB;Python;Medical Devices",75,800000,15,45,90,150,"Growing with India's medical device manufacturing push and health-tech innovation hubs."
Software Architect,"software architect,system design,enterprise",89,22,Low,"System Design;Cloud;Microservices",90,3500000,12,30,130,220,"Senior high-paying role in Indian product companies and MNCs; requires 8-12 years of deep engineering experience."
B.E/B.Tech Degree,"engineering degree,btech,be",71,11,Medium,"Problem Solving;Programming Basics",65,450000,40,100,90,180,"India's most common engineering degree; needs additional specialisation in AI, cloud, or data to stay competitive."
MBA,"mba,management,business degree",73,10,Low,"Leadership;Finance;Strategy",68,1200000,25,55,80,120,"High ROI from top IIMs; valuable for consulting, product, and finance roles in India's corporate sector."
Content Creator,"youtuber,influencer,content creation",76,28,High,"Video Editing;SEO;Branding",65,500000,50,250,70,150,"India is the world's second-largest YouTube market; highly competitive but scalable income for top creators."
"youtuber,influencer,content creation",75,25,High,"Video Editing;SEO;Branding",65,80000,50,200,70,150,"High competition and unstable income but scalable success."
Prompt Engineer,"prompt engineering,llm,ai prompts",80,55,Medium,"LLMs;Python;LangChain;Prompt Design",82,130000,15,65,50,200,"Emerging role driven by AI and generative models."
